[
  {
    "groupQuestions":
    [
      {
        "audio": "audios/1.1.mp3",
        "article": "M: Know what? I couldn’t get back into my apartment and had to stay at a hotel last night.\nW: How did that happen? Did you lose your keys?\nM: No, I left them in the apartment, and my wife was on a business trip.\n",
        "times": 1,
        "questions": [
          {
            "title": "What happened to the man?",
            "answers": [
              "He was locked out.",
              "He missed the train.",
              "He lost his keys."
            ],
            "option": 1
          }
        ]
      },
      {
        "audio": "audios/1.2.mp3",
        "article": "M: Wow, so many choices, and so many people. So, what kind of film do you want to see?\nW: It’s up to you, but nothing too violent, please.\n",
        "times": 1,
        "questions":[
          {
            "title": "Where are the speakers?",
            "answers": [
              "At a gym.",
              "At a restaurant.",
              "At a cinema."
            ],
            "option": 3
          }
        ]
      },
      {
        "audio": "audios/1.3.mp3",
        "article": "M: How was your trip to London?\nW: It was fantastic! I visited a lot of places: churches, museums, and the royal palaces. And the weather was fine. Horrible traffic, though.\n",
        "times": 1,
        "questions": [
          {
            "title": "What does the woman dislike about her trip?",
            "answers": [
              "The weather.",
              "The traffic.",
              "The scenery."
            ],
            "option": 2
          }
        ]
      },
      {
        "audio": "audios/1.4.mp3",
        "article": "W: How much time do we have before the conference? We don’t have to hurry, do we?\nM: Don’t worry. It’s 7:30 now. We still have an hour and a half. It takes only thirty minutes to get there.\n",
        "times": 1,
        "questions": [
          {
            "title": "When will the conference begin?",
            "answers": [
              "At 7:30.",
              "At 8:30.",
              "At 9:00."
            ],
            "option": 3
          }
        ]
      },
      {
        "audio": "audios/1.5.mp3",
        "article": "M: Hey, did you see Ann in the office this morning?\nW: Yes, but why did she have such a long face?\nM: I’m not sure. I heard she failed to get promoted.\n",
        "times": 1,
        "questions": [
          {
            "title": "What are the speakers talking about?",
            "answers": [
              "A job position.",
              "A fellow worker.",
              "A new office."
            ],
            "option": 2
          }
        ]
      },
      {
        "audio": "audios/1.6.mp3",
        "times": 2,
        "article": "What about the problems I’ve been having?\nW: Not serious. Take some medicine and you will get a better night’s sleep.\nM: Thank you. How should I take the medicine?\nW: Take one pill about thirty minutes before you go to bed.\nM: How long should I take them?\nW: Thirty days.\nM: Is there anything else I can do?\nW: Don’t worry so much about things at work.\nM: Should I stay home from work?\nW: No, it’s not necessary. Just remember to stay calm.",
        "questions": [
          {
            "title": "What seems to be the man’s problem?",
            "answers": [
              "He doesn’t sleep well.",
              "He has no more pills.",
              "He can’t focus properly."
            ],
            "option": 1
          },
          {
            "title": "What is the man advised to do?",
            "answers": [
              "Stay home from work.",
              "Have a check-up.",
              "Stop feeling anxious"
            ],
            "option": 3
          }
        ]
      },
      {
        "audio": "audios/1.7.mp3",
        "times": 2,
        "article": "W: You’re late!\nM: Yes, I’m really sorry. I had to wait for ages for the bus.\nW: Why didn’t you drive?\nM: Ah well, I’ve sold my car. \nW: Oh, are you getting a new one?\nM: No, I’m not getting another car. I’ve decided to live without one.\nW: Wow. What made you do that?\nM: I think there are too many cars. And this town is already far too polluted.\nW: Well, that’s true. But a car is useful.\nM: I don’t think so. Not in the city center, anyway. I can never find anywhere to park. And you spend most of the time sitting in traffic jams. \nW: But how are you going to get to work?\nM: I’m thinking of getting a bicycle.\nW: Don’t you think bicycles are dangerous?\nM: Not really, I don’t think they’re as dangerous as cars.\nW: Well, I couldn’t do without my car. I have to take the children to school every day.\nM: I don’t think children get enough exercise these days. They should walk to school.\nW: Okay, I see what you mean.",
        "questions": [
          {
            "title": "How did the man get to work today?",
            "answers": [
              "By bike.",
              "By bus.",
              "On foot."
            ],
            "option": 2
          },
          {
            "title": "What is the man’s major concern about driving a car?",
            "answers": [
              "Expenses.",
              "Health.",
              "Environment."
            ],
            "option": 3
          },
          {
            "title": "What does the woman think of using a car?",
            "answers": [
              "It’s costly.",
              "It’s dangerous.",
              "It’s convenient."
            ],
            "option": 3
          }
        ]
      },
      {
        "audio": "audios/1.8.mp3",
        "times": 2,
        "article": "M: Hey Heather, can I sit here?\nW: Yeah, sure Jonathan. How’s your day?\nM: Good. Say, are you planning your summer travels?\nW: Well, not yet. I was just reading a story about this woman, Ellen Wilson, who climbed up Mount Qomolangma.\nM: Yeah, I read that too. A rather extraordinary experience, isn’t it? Ninety-six days! She’s actually a graduate of our college, class of 2012. \nW: Oh really? So, Jonathan, what amazing thing have you done? \nM: Well, I just went cycling across South America.\nW: You didn’t!\nM: I did. Just last year before I entered the graduate school. It was such a brilliant time. Four months on the road enjoying wonderful scenery in the country, in towns and in cities all along the way. I got a bit tired, though.\nW: Sounds great. Hmm. Maybe I should think seriously about my big life adventure. Like taking a long walk across a national park.\nM: Wow. Let me know if you need someone to go with you.\n",
        "questions": [
          {
            "title": "Who reached the top of Mount Qomolangma?",
            "answers": [
              "Ellen.",
              "Jonathan.",
              "Heather."
            ],
            "option": 1
          },
          {
            "title": "How long did the man spend on his adventure travel?",
            "answers": [
              "96 days.",
              "Four months.",
              "One year."
            ],
            "option": 2
          },
          {
            "title": "What does the woman think about doing in the future?",
            "answers": [
              "Walking through a national park.",
              "Cycling along a country road.",
              "Camping out in the mountains."
            ],
            "option": 1
          }
        ]
      },
      {
        "audio": "audios/1.9.mp3",
        "times": 2,
        "article": "W: Hi Matt. May I ask you a few questions?\nM: Certainly, Julian. What do you want to know?\nW: I’m doing a study on the spending habits of students in our school. I’m writing a paper for my social studies course. \nM: That sounds interesting.\nW: To begin with, how much money do you get from your parents a month?\nM: I get about five hundred dollars.\nW: How do you spend your money?\nM: I spend about three hundred dollars on food. You know how I like to eat.\nW: Yes. What about the rest of the money?\nM: Well, I spend on shows about thirty dollars a month. Games, uh, for rental of tennis court and balls about fifty dollars. I do spend some on things like reading material. And the rest I save.\nW: What about clothes?\nM: My mother buys them for me.\nW: Thanks a lot, Matt.\nM: You’re welcome!",
        "questions": [
          {
            "title": "What is Julian doing?",
            "answers": [
              "Planning her budget.",
              "Conducting an interview.",
              "Giving advice on studies."
            ],
            "option": 2
          },
          {
            "title": "Which costs Matt most each month?",
            "answers": [
              "Food.",
              "Clothes.",
              "Books."
            ],
            "option": 1
          },
          {
            "title": "How much does Matt spend on sports a month?",
            "answers": [
              "About $15.",
              "About $30.",
              "About $50."
            ],
            "option": 3
          },
          {
            "title": "What is the probable relationship between the speakers?",
            "answers": [
              "Strangers.",
              "Schoolmates.",
              "Co-workers."
            ],
            "option": 2
          }
        ]
      },
      {
        "audio": "audios/1.10.mp3",
        "times": 2,
        "article": "W: Hello everyone. I’m very glad to be here to talk to you. People need to feel secure and comfortable so they can be creative. Well-designed workplaces often create environments that make employees better thinkers. So today, I’ll talk about how to design workplaces that inspire creativity. I hope you can find it useful. First, the colour of the office walls. Decorate your office with green. Other bright colours such as light blue and yellow can also increase creativity. Calmer colours help us concentrate. Green also reminds us of nature, which may help us to relax. Avoid red when you are choosing a colour. While it can give us a feeling of energy, it also affects our ability to analyze information. Then, let’s turn to lighting. Lighting is also important. Too dark, and workers can feel sleepy. While, if it is too bright, it can make them feel anxious. The best kind of lighting is natural light. It makes us happier and more productive. When it comes toartificial lighting, warm colours are the best. But if we need to concentrate, a bluer light is better. Space is another important matter. A company might want to develop a variety of spaces in an office so staff can find privacy if needed, but also work in open areas for creative thinking.",
        "questions": [
          {
            "title": "Which colour is unsuitable for office walls?",
            "answers": [
              "Green.",
              "Red.",
              "Yellow."
            ],
            "option": 2
          },
          {
            "title": "What effect does natural light have on office workers?",
            "answers": [
              "It is good for their eyes.",
              "It helps them concentrate.",
              "It makes them feel cheerful."
            ],
            "option": 3
          },
          {
            "title": "Who are most likely to be interested in the talk?",
            "answers": [
              "Managers.",
              "Painters.",
              "Teachers."
            ],
            "option": 1
          }
        ]
      }
    ]
  },
  {
    "groupQuestions":
    [
      {
        "audio": "audios/2.1.mp3",
        "article": "",
        "questions": [
          {
            "title": "What is the weather like?",
            "answers": [
              "It’s raining.",
              "It’s cloudy.",
              "It’s sunny."
            ],
            "option": 2
          }
        ]
      },
      {
        "audio": "audios/2.2.mp3",
        "article": "",
        "questions":[
          {
            "title": "Who will go to China next month?",
            "answers": [
              "Lucy.",
              "Alice.",
              "Richard."
            ],
            "option": 1
          }
        ]
      },
      {
        "audio": "audios/2.3.mp3",
        "article": "",
        "questions": [
          {
            "title": "What are the speakers talking about?",
            "answers": [
              "The man’s sister.",
              "A film.",
              "An actor."
            ],
            "option": 3
          }
        ]
      },
      {
        "audio": "audios/2.4.mp3",
        "article": "",
        "questions": [
          {
            "title": "Where will the speakers meet?",
            "answers": [
              "In Room 340.",
              "In Room 314.",
              "In Room 223."
            ],
            "option": 1
          }
        ]
      },
      {
        "audio": "audios/2.5.mp3",
        "article": "",
        "questions": [
          {
            "title": "Where does the conversation most probably take place?",
            "answers": [
              "In a restaurant.",
              "In an office.",
              "At home."
            ],
            "option": 2
          }
        ]
      },
      {
        "audio": "audios/2.6.mp3",
        "article": "",
        "questions": [
          {
            "title": "Why did the woman go to New York?",
            "answers": [
              "To spend some time with the baby.",
              "To look after her sister.",
              "To find a new job."
            ],
            "option": 1
          },
          {
            "title": "How old was the baby when the woman left New York?",
            "answers": [
              "Two months.",
              "Five months.",
              "Seven months."
            ],
            "option": 3
          },
          {
            "title": "What did the woman like doing most with the baby?",
            "answers": [
              "Holding him.",
              "Playing with him.",
              "Feeding him."
            ],
            "option": 3
          }
        ]
      },
      {
        "audio": "audios/2.7.mp3",
        "article": "",
        "questions": [
          {
            "title": "What are the speakers talking about?",
            "answers": [
              "A way to improve air quality.",
              "A problem with traffic miles.",
              "A suggestion for city planning."
            ],
            "option": 1
          },
          {
            "title": "What does the man suggest?",
            "answers": [
              "Limiting the use of cars.",
              "Encouraging people to walk.",
              "Warning drivers of air pollution."
            ],
            "option": 1
          },
          {
            "title": "What does the woman think about the man’s idea?",
            "answers": [
              "It’s interesting.",
              "It’s worth trying.",
              "It’s impractical."
            ],
            "option": 3
          }
        ]
      },
      {
        "audio": "audios/2.8.mp3",
        "article": "",
        "questions": [
          {
            "title": "How long will the man probably stay in New Zealand?",
            "answers": [
              "One week.",
              "Two weeks.",
              "Three weeks."
            ],
            "option": 3
          },
          {
            "title": "What advice does the woman give to the man?",
            "answers": [
              "Go to New Zealand after Christmas.",
              "Book his flight as soon as possible.",
              "Save more money for his trip."
            ],
            "option": 2
          },
          {
            "title": "What can we learn about flights to New Zealand at Christmas time?[",
            "answers": [
              "They require early booking.",
              "They can be twice as expensive.",
              "They are on special offer."
            ],
            "option": 2
          }
        ]
      },
      {
        "audio": "audios/2.9.mp3",
        "article": "",
        "questions": [
          {
            "title": "Why did Jane call Mike?",
            "answers": [
              "To ask him to meet her.",
              "To tell him about Tom.",
              "To borrow his car."
            ],
            "option": 3
          },
          {
            "title": "Where will Jane be in about one hour?",
            "answers": [
              "At Mike’s place.",
              "At the airport.",
              "At a garage."
            ],
            "option": 1
          },
          {
            "title": "What can we infer from the conversation?",
            "answers": [
              "Jane has just learned to drive.",
              "Jane’s car is in bad condition.",
              "Mike will go to the airport."
            ],
            "option": 2
          }
        ]
      },
      {
        "audio": "audios/2.10.mp3",
        "article": "",
        "questions": [
          {
            "title": "What did the speaker ask the students to do the week before?",
            "answers": [
              "Write a short story.",
              "Prepare for the lesson.",
              "Learn more about the writer."
            ],
            "option": 2
          },
          {
            "title": "Why does the speaker ask the questions?",
            "answers": [
              "To check the students’ understanding of the story.",
              "To draw the students’ attention to reading skills.",
              "To let the students discuss father-son relationships."
            ],
            "option": 1
          },
          {
            "title": "What will the students do in 10 minutes?",
            "answers": [
              "Ask more questions.",
              "Discussion in groups.",
              "Give their answers."
            ],
            "option": 3
          }
        ]
      }
    ]
  }
]
